{"cameraMode":{"drawMode":0,"name":"Shaded","section":"Shading Mode"},"sceneLighting":false,"audioPlay":false,"sceneViewState":{"showFog":true,"showMaterialUpdate":false,"showSkybox":true,"showFlares":true,"showImageEffects":true,"showParticleSystems":true},"in2DMode":false,"pivot":{"x":-0.7197113633155823,"y":-1.649266242980957,"z":-1.9826644659042359},"rotation":{"x":0.04533598572015762,"y":0.9501739144325256,"z":-0.1655505895614624,"w":0.2602047920227051},"size":16.87567710876465,"orthographic":false}